rank,mod_label,mod_type,max_clique,LP,ILP,gap,delta_vs_caoduro
1,lab_3,H_shrink_left,2,162.0000,106,1.528302,+0.000000
2,lab_2,H_shrink_left,2,162.0000,106,1.528302,+0.000000
3,lab_1,H_shrink_left,2,162.0000,106,1.528302,+0.000000
4,lab_4,H_shrink_left,2,162.0000,106,1.528302,+0.000000
5,lab_6,H_shrink_left,2,162.0000,106,1.528302,+0.000000
6,lab_7,H_shrink_left,2,162.0000,106,1.528302,+0.000000
7,lab_8,H_shrink_left,2,162.0000,106,1.528302,+0.000000
8,lab_9,H_shrink_left,2,162.0000,106,1.528302,+0.000000
9,lab_10,H_shrink_left,2,162.0000,106,1.528302,+0.000000
10,lab_9,H_extend_right,2,162.0000,106,1.528302,+0.000000
11,lab_11,H_shrink_left,2,162.0000,106,1.528302,+0.000000
12,lab_12,H_shrink_left,2,162.0000,106,1.528302,+0.000000
13,lab_13,H_shrink_left,2,162.0000,106,1.528302,+0.000000
14,lab_15,H_shrink_left,2,162.0000,106,1.528302,+0.000000
15,lab_16,H_shrink_left,2,162.0000,106,1.528302,+0.000000
16,lab_18,H_shrink_left,2,162.0000,106,1.528302,+0.000000
17,lab_18,H_extend_right,2,162.0000,106,1.528302,+0.000000
18,lab_19,H_shrink_left,2,162.0000,106,1.528302,+0.000000
19,lab_21,H_shrink_left,2,162.0000,106,1.528302,+0.000000
20,lab_20,H_shrink_left,2,162.0000,106,1.528302,+0.000000
21,lab_22,H_shrink_left,2,162.0000,106,1.528302,+0.000000
22,lab_23,H_shrink_left,2,162.0000,106,1.528302,+0.000000
23,lab_24,H_shrink_left,2,162.0000,106,1.528302,+0.000000
24,lab_26,H_shrink_left,2,162.0000,106,1.528302,+0.000000
25,lab_27,H_extend_right,2,162.0000,106,1.528302,+0.000000
26,lab_27,H_shrink_left,2,162.0000,106,1.528302,+0.000000
27,lab_28,H_shrink_left,2,162.0000,106,1.528302,+0.000000
28,lab_29,H_shrink_left,2,162.0000,106,1.528302,+0.000000
29,lab_30,H_shrink_left,2,162.0000,106,1.528302,+0.000000
30,lab_29,H_shrink_right,2,162.0000,106,1.528302,+0.000000
31,lab_31,H_shrink_left,2,162.0000,106,1.528302,+0.000000
32,lab_33,H_shrink_left,2,162.0000,106,1.528302,+0.000000
33,lab_32,H_shrink_left,2,162.0000,106,1.528302,+0.000000
34,lab_35,H_shrink_left,2,162.0000,106,1.528302,+0.000000
35,lab_34,H_shrink_left,2,162.0000,106,1.528302,+0.000000
36,lab_36,H_extend_right,2,162.0000,106,1.528302,+0.000000
37,lab_36,H_shrink_left,2,162.0000,106,1.528302,+0.000000
38,lab_37,H_shrink_left,2,162.0000,106,1.528302,+0.000000
39,lab_39,H_shrink_left,2,162.0000,106,1.528302,+0.000000
40,lab_40,H_shrink_left,2,162.0000,106,1.528302,+0.000000
41,lab_41,H_shrink_left,2,162.0000,106,1.528302,+0.000000
42,lab_40,H_shrink_right,2,162.0000,106,1.528302,+0.000000
43,lab_42,H_shrink_left,2,162.0000,106,1.528302,+0.000000
44,lab_43,H_shrink_left,2,162.0000,106,1.528302,+0.000000
45,lab_45,H_shrink_left,2,162.0000,106,1.528302,+0.000000
46,lab_44,H_shrink_left,2,162.0000,106,1.528302,+0.000000
47,lab_46,H_shrink_left,2,162.0000,106,1.528302,+0.000000
48,lab_47,H_shrink_left,2,162.0000,106,1.528302,+0.000000
49,lab_45,H_extend_right,2,162.0000,106,1.528302,+0.000000
50,lab_48,H_shrink_left,2,162.0000,106,1.528302,+0.000000
51,lab_49,H_shrink_left,2,162.0000,106,1.528302,+0.000000
52,lab_50,H_shrink_left,2,162.0000,106,1.528302,+0.000000
53,lab_51,H_shrink_left,2,162.0000,106,1.528302,+0.000000
54,lab_53,H_shrink_left,2,162.0000,106,1.528302,+0.000000
55,lab_52,H_shrink_left,2,162.0000,106,1.528302,+0.000000
56,lab_54,H_shrink_left,2,162.0000,106,1.528302,+0.000000
57,lab_54,H_extend_right,2,162.0000,106,1.528302,+0.000000
58,lab_55,H_shrink_left,2,162.0000,106,1.528302,+0.000000
59,lab_56,H_shrink_left,2,162.0000,106,1.528302,+0.000000
60,lab_57,H_shrink_left,2,162.0000,106,1.528302,+0.000000
61,lab_58,H_shrink_left,2,162.0000,106,1.528302,+0.000000
62,lab_59,H_shrink_left,2,162.0000,106,1.528302,+0.000000
63,lab_60,H_shrink_left,2,162.0000,106,1.528302,+0.000000
64,lab_62,H_shrink_left,2,162.0000,106,1.528302,+0.000000
65,lab_61,H_shrink_left,2,162.0000,106,1.528302,+0.000000
66,lab_63,H_shrink_left,2,162.0000,106,1.528302,+0.000000
67,lab_65,H_shrink_left,2,162.0000,106,1.528302,+0.000000
68,lab_66,H_shrink_left,2,162.0000,106,1.528302,+0.000000
69,lab_68,H_shrink_left,2,162.0000,106,1.528302,+0.000000
70,lab_67,H_shrink_left,2,162.0000,106,1.528302,+0.000000
71,lab_69,H_shrink_left,2,162.0000,106,1.528302,+0.000000
72,lab_71,H_shrink_left,2,162.0000,106,1.528302,+0.000000
73,lab_70,H_shrink_left,2,162.0000,106,1.528302,+0.000000
74,lab_72,H_extend_right,2,162.0000,106,1.528302,+0.000000
75,lab_73,H_shrink_left,2,162.0000,106,1.528302,+0.000000
76,lab_72,H_shrink_left,2,162.0000,106,1.528302,+0.000000
77,lab_74,H_shrink_left,2,162.0000,106,1.528302,+0.000000
78,lab_75,H_shrink_left,2,162.0000,106,1.528302,+0.000000
79,lab_76,H_shrink_left,2,162.0000,106,1.528302,+0.000000
80,lab_75,H_shrink_right,2,162.0000,106,1.528302,+0.000000
81,lab_78,H_shrink_left,2,162.0000,106,1.528302,+0.000000
82,lab_77,H_shrink_left,2,162.0000,106,1.528302,+0.000000
83,lab_79,H_shrink_left,2,162.0000,106,1.528302,+0.000000
84,lab_81,H_shrink_left,2,162.0000,106,1.528302,+0.000000
85,lab_80,H_shrink_left,2,162.0000,106,1.528302,+0.000000
86,lab_81,H_extend_right,2,162.0000,106,1.528302,+0.000000
87,lab_82,H_shrink_left,2,162.0000,106,1.528302,+0.000000
88,lab_82,H_extend_right,2,162.0000,106,1.528302,+0.000000
89,lab_84,H_extend_right,2,162.0000,106,1.528302,+0.000000
90,lab_85,H_shrink_right,2,162.0000,106,1.528302,+0.000000
91,lab_85,H_shrink_left,2,162.0000,106,1.528302,+0.000000
92,lab_82,H_shrink_right,2,162.0000,106,1.528302,+0.000000
93,lab_87,H_extend_right,2,162.0000,106,1.528302,+0.000000
94,lab_88,H_shrink_right,2,162.0000,106,1.528302,+0.000000
95,lab_85,H_extend_right,2,162.0000,106,1.528302,+0.000000
96,lab_88,H_extend_right,2,162.0000,106,1.528302,+0.000000
97,lab_90,H_extend_right,2,162.0000,106,1.528302,+0.000000
98,lab_91,H_shrink_left,2,162.0000,106,1.528302,+0.000000
99,lab_93,H_extend_right,2,162.0000,106,1.528302,+0.000000
100,lab_91,H_shrink_right,2,162.0000,106,1.528302,+0.000000
101,lab_94,H_shrink_right,2,162.0000,106,1.528302,+0.000000
102,lab_96,H_extend_right,2,162.0000,106,1.528302,+0.000000
103,lab_97,H_shrink_left,2,162.0000,106,1.528302,+0.000000
104,lab_94,H_shrink_left,2,162.0000,106,1.528302,+0.000000
105,lab_97,H_shrink_right,2,162.0000,106,1.528302,+0.000000
106,lab_94,H_extend_right,2,162.0000,106,1.528302,+0.000000
107,lab_99,H_extend_right,2,162.0000,106,1.528302,+0.000000
108,lab_102,H_extend_right,2,162.0000,106,1.528302,+0.000000
109,lab_103,H_shrink_left,2,162.0000,106,1.528302,+0.000000
110,lab_97,H_extend_right,2,162.0000,106,1.528302,+0.000000
111,lab_103,H_shrink_right,2,162.0000,106,1.528302,+0.000000
112,lab_100,H_shrink_right,2,162.0000,106,1.528302,+0.000000
113,lab_100,H_shrink_left,2,162.0000,106,1.528302,+0.000000
114,lab_103,H_extend_right,2,162.0000,106,1.528302,+0.000000
115,lab_100,H_extend_right,2,162.0000,106,1.528302,+0.000000
116,lab_105,H_extend_right,2,162.0000,106,1.528302,+0.000000
117,lab_108,H_extend_right,2,162.0000,106,1.528302,+0.000000
118,lab_109,H_shrink_right,2,162.0000,106,1.528302,+0.000000
119,lab_109,H_extend_right,2,162.0000,106,1.528302,+0.000000
120,lab_106,H_extend_right,2,162.0000,106,1.528302,+0.000000
121,lab_111,H_extend_right,2,162.0000,106,1.528302,+0.000000
122,lab_109,H_shrink_left,2,162.0000,106,1.528302,+0.000000
123,lab_112,H_shrink_left,2,162.0000,106,1.528302,+0.000000
124,lab_112,H_shrink_right,2,162.0000,106,1.528302,+0.000000
125,lab_114,H_extend_right,2,162.0000,106,1.528302,+0.000000
126,lab_112,H_extend_right,2,162.0000,106,1.528302,+0.000000
127,lab_117,H_extend_right,2,162.0000,106,1.528302,+0.000000
128,lab_115,H_shrink_right,2,162.0000,106,1.528302,+0.000000
129,lab_115,H_extend_right,2,162.0000,106,1.528302,+0.000000
130,lab_118,H_shrink_left,2,162.0000,106,1.528302,+0.000000
131,lab_115,H_shrink_left,2,162.0000,106,1.528302,+0.000000
132,lab_118,H_shrink_right,2,162.0000,106,1.528302,+0.000000
133,lab_118,H_extend_right,2,162.0000,106,1.528302,+0.000000
134,lab_120,H_extend_right,2,162.0000,106,1.528302,+0.000000
135,lab_123,H_extend_right,2,162.0000,106,1.528302,+0.000000
136,lab_124,H_shrink_right,2,162.0000,106,1.528302,+0.000000
137,lab_121,H_shrink_right,2,162.0000,106,1.528302,+0.000000
138,lab_124,H_extend_right,2,162.0000,106,1.528302,+0.000000
139,lab_126,H_extend_right,2,162.0000,106,1.528302,+0.000000
140,lab_124,H_shrink_left,2,162.0000,106,1.528302,+0.000000
141,lab_127,H_shrink_left,2,162.0000,106,1.528302,+0.000000
142,lab_127,H_shrink_right,2,162.0000,106,1.528302,+0.000000
143,lab_127,H_extend_right,2,162.0000,106,1.528302,+0.000000
144,lab_129,H_extend_right,2,162.0000,106,1.528302,+0.000000
145,lab_130,H_shrink_right,2,162.0000,106,1.528302,+0.000000
146,lab_132,H_extend_right,2,162.0000,106,1.528302,+0.000000
147,lab_130,H_shrink_left,2,162.0000,106,1.528302,+0.000000
148,lab_133,H_shrink_right,2,162.0000,106,1.528302,+0.000000
149,lab_133,H_extend_right,2,162.0000,106,1.528302,+0.000000
150,lab_135,H_extend_right,2,162.0000,106,1.528302,+0.000000
151,lab_133,H_shrink_left,2,162.0000,106,1.528302,+0.000000
152,lab_136,H_shrink_left,2,162.0000,106,1.528302,+0.000000
153,lab_138,H_extend_right,2,162.0000,106,1.528302,+0.000000
154,lab_139,H_shrink_left,2,162.0000,106,1.528302,+0.000000
155,lab_141,H_extend_right,2,162.0000,106,1.528302,+0.000000
156,lab_136,H_extend_right,2,162.0000,106,1.528302,+0.000000
157,lab_139,H_shrink_right,2,162.0000,106,1.528302,+0.000000
158,lab_139,H_extend_right,2,162.0000,106,1.528302,+0.000000
159,lab_142,H_shrink_right,2,162.0000,106,1.528302,+0.000000
160,lab_144,H_extend_right,2,162.0000,106,1.528302,+0.000000
161,lab_142,H_shrink_left,2,162.0000,106,1.528302,+0.000000
162,lab_147,H_extend_right,2,162.0000,106,1.528302,+0.000000
163,lab_142,H_extend_right,2,162.0000,106,1.528302,+0.000000
164,lab_145,H_extend_right,2,162.0000,106,1.528302,+0.000000
165,lab_145,H_shrink_right,2,162.0000,106,1.528302,+0.000000
166,lab_145,H_shrink_left,2,162.0000,106,1.528302,+0.000000
167,lab_148,H_shrink_right,2,162.0000,106,1.528302,+0.000000
168,lab_148,H_shrink_left,2,162.0000,106,1.528302,+0.000000
169,lab_151,H_shrink_left,2,162.0000,106,1.528302,+0.000000
170,lab_150,H_extend_right,2,162.0000,106,1.528302,+0.000000
171,lab_151,H_shrink_right,2,162.0000,106,1.528302,+0.000000
172,lab_153,H_extend_right,2,162.0000,106,1.528302,+0.000000
173,lab_154,H_shrink_right,2,162.0000,106,1.528302,+0.000000
174,lab_156,H_extend_right,2,162.0000,106,1.528302,+0.000000
175,lab_151,H_extend_right,2,162.0000,106,1.528302,+0.000000
176,lab_157,H_shrink_left,2,162.0000,106,1.528302,+0.000000
177,lab_154,H_shrink_left,2,162.0000,106,1.528302,+0.000000
178,lab_159,H_extend_right,2,162.0000,106,1.528302,+0.000000
179,lab_157,H_shrink_right,2,162.0000,106,1.528302,+0.000000
180,lab_157,H_extend_right,2,162.0000,106,1.528302,+0.000000
181,lab_160,H_extend_right,2,162.0000,106,1.528302,+0.000000
182,lab_162,H_extend_right,2,162.0000,106,1.528302,+0.000000
183,lab_160,H_shrink_left,2,162.0000,106,1.528302,+0.000000
184,lab_160,H_shrink_right,2,162.0000,106,1.528302,+0.000000
185,lab_163,H_extend_right,2,162.0000,106,1.528302,+0.000000
186,lab_165,H_extend_right,2,162.0000,106,1.528302,+0.000000
187,lab_166,H_shrink_right,2,162.0000,106,1.528302,+0.000000
188,lab_166,H_extend_right,2,162.0000,106,1.528302,+0.000000
189,lab_163,H_shrink_left,2,162.0000,106,1.528302,+0.000000
190,lab_163,H_shrink_right,2,162.0000,106,1.528302,+0.000000
191,lab_168,H_extend_right,2,162.0000,106,1.528302,+0.000000
192,lab_166,H_shrink_left,2,162.0000,106,1.528302,+0.000000
193,lab_169,H_shrink_right,2,162.0000,106,1.528302,+0.000000
194,lab_169,H_extend_right,2,162.0000,106,1.528302,+0.000000
195,lab_171,H_extend_right,2,162.0000,106,1.528302,+0.000000
196,lab_172,H_shrink_left,2,162.0000,106,1.528302,+0.000000
197,lab_169,H_shrink_left,2,162.0000,106,1.528302,+0.000000
198,lab_174,H_extend_right,2,162.0000,106,1.528302,+0.000000
199,lab_175,H_shrink_left,2,162.0000,106,1.528302,+0.000000
200,lab_172,H_shrink_right,2,162.0000,106,1.528302,+0.000000
201,lab_175,H_shrink_right,2,162.0000,106,1.528302,+0.000000
202,lab_172,H_extend_right,2,162.0000,106,1.528302,+0.000000
203,lab_175,H_extend_right,2,162.0000,106,1.528302,+0.000000
204,lab_177,H_extend_right,2,162.0000,106,1.528302,+0.000000
205,lab_178,H_shrink_right,2,162.0000,106,1.528302,+0.000000
206,lab_178,H_extend_right,2,162.0000,106,1.528302,+0.000000
207,lab_180,H_extend_right,2,162.0000,106,1.528302,+0.000000
208,lab_183,H_extend_right,2,162.0000,106,1.528302,+0.000000
209,lab_178,H_shrink_left,2,162.0000,106,1.528302,+0.000000
210,lab_181,H_shrink_left,2,162.0000,106,1.528302,+0.000000
211,lab_181,H_shrink_right,2,162.0000,106,1.528302,+0.000000
212,lab_184,H_shrink_left,2,162.0000,106,1.528302,+0.000000
213,lab_184,H_shrink_right,2,162.0000,106,1.528302,+0.000000
214,lab_181,H_extend_right,2,162.0000,106,1.528302,+0.000000
215,lab_184,H_extend_right,2,162.0000,106,1.528302,+0.000000
216,lab_186,H_extend_right,2,162.0000,106,1.528302,+0.000000
217,lab_187,H_shrink_right,2,162.0000,106,1.528302,+0.000000
218,lab_189,H_extend_right,2,162.0000,106,1.528302,+0.000000
219,lab_187,H_shrink_left,2,162.0000,106,1.528302,+0.000000
220,lab_190,H_shrink_left,2,162.0000,106,1.528302,+0.000000
221,lab_190,H_shrink_right,2,162.0000,106,1.528302,+0.000000
222,lab_192,H_extend_right,2,162.0000,106,1.528302,+0.000000
223,lab_187,H_extend_right,2,162.0000,106,1.528302,+0.000000
224,lab_193,H_shrink_left,2,162.0000,106,1.528302,+0.000000
225,lab_190,H_extend_right,2,162.0000,106,1.528302,+0.000000
226,lab_193,H_shrink_right,2,162.0000,106,1.528302,+0.000000
227,lab_195,H_extend_right,2,162.0000,106,1.528302,+0.000000
228,lab_198,H_extend_right,2,162.0000,106,1.528302,+0.000000
229,lab_193,H_extend_right,2,162.0000,106,1.528302,+0.000000
230,lab_196,H_shrink_right,2,162.0000,106,1.528302,+0.000000
231,lab_199,H_shrink_left,2,162.0000,106,1.528302,+0.000000
232,lab_196,H_shrink_left,2,162.0000,106,1.528302,+0.000000
233,lab_199,H_shrink_right,2,162.0000,106,1.528302,+0.000000
234,lab_199,H_extend_right,2,162.0000,106,1.528302,+0.000000
235,lab_196,H_extend_right,2,162.0000,106,1.528302,+0.000000
236,lab_201,H_extend_right,2,162.0000,106,1.528302,+0.000000
237,lab_202,H_shrink_left,2,162.0000,106,1.528302,+0.000000
238,lab_202,H_extend_right,2,162.0000,106,1.528302,+0.000000
239,lab_202,H_shrink_right,2,162.0000,106,1.528302,+0.000000
240,lab_204,H_extend_right,2,162.0000,106,1.528302,+0.000000
241,lab_205,H_shrink_right,2,162.0000,106,1.528302,+0.000000
242,lab_205,H_shrink_left,2,162.0000,106,1.528302,+0.000000
243,lab_205,H_extend_right,2,162.0000,106,1.528302,+0.000000
244,lab_207,H_extend_right,2,162.0000,106,1.528302,+0.000000
245,lab_208,H_shrink_left,2,162.0000,106,1.528302,+0.000000
246,lab_210,H_extend_right,2,162.0000,106,1.528302,+0.000000
247,lab_211,H_shrink_left,2,162.0000,106,1.528302,+0.000000
248,lab_211,H_shrink_right,2,162.0000,106,1.528302,+0.000000
249,lab_211,H_extend_right,2,162.0000,106,1.528302,+0.000000
250,lab_208,H_shrink_right,2,162.0000,106,1.528302,+0.000000
251,lab_213,H_extend_right,2,162.0000,106,1.528302,+0.000000
252,lab_208,H_extend_right,2,162.0000,106,1.528302,+0.000000
253,lab_214,H_shrink_left,2,162.0000,106,1.528302,+0.000000
254,lab_214,H_shrink_right,2,162.0000,106,1.528302,+0.000000
255,lab_214,H_extend_right,2,162.0000,106,1.528302,+0.000000
256,lab_217,H_shrink_left,2,162.0000,106,1.528302,+0.000000
257,lab_216,H_extend_right,2,162.0000,106,1.528302,+0.000000
258,lab_217,H_extend_right,2,162.0000,106,1.528302,+0.000000
259,lab_219,H_extend_right,2,162.0000,106,1.528302,+0.000000
260,lab_220,H_shrink_left,2,162.0000,106,1.528302,+0.000000
261,lab_220,H_shrink_right,2,162.0000,106,1.528302,+0.000000
262,lab_220,H_extend_right,2,162.0000,106,1.528302,+0.000000
263,lab_217,H_shrink_right,2,162.0000,106,1.528302,+0.000000
264,lab_223,H_shrink_left,2,162.0000,106,1.528302,+0.000000
265,lab_222,H_extend_right,2,162.0000,106,1.528302,+0.000000
266,lab_223,H_extend_right,2,162.0000,106,1.528302,+0.000000
267,lab_225,H_extend_right,2,162.0000,106,1.528302,+0.000000
268,lab_226,H_shrink_left,2,162.0000,106,1.528302,+0.000000
269,lab_226,H_shrink_right,2,162.0000,106,1.528302,+0.000000
270,lab_226,H_extend_right,2,162.0000,106,1.528302,+0.000000
271,lab_223,H_shrink_right,2,162.0000,106,1.528302,+0.000000
272,lab_228,H_extend_right,2,162.0000,106,1.528302,+0.000000
273,lab_229,H_shrink_right,2,162.0000,106,1.528302,+0.000000
274,lab_229,H_shrink_left,2,162.0000,106,1.528302,+0.000000
275,lab_229,H_extend_right,2,162.0000,106,1.528302,+0.000000
276,lab_231,H_extend_right,2,162.0000,106,1.528302,+0.000000
277,lab_232,H_shrink_right,2,162.0000,106,1.528302,+0.000000
278,lab_232,H_shrink_left,2,162.0000,106,1.528302,+0.000000
279,lab_234,H_extend_right,2,162.0000,106,1.528302,+0.000000
280,lab_237,H_extend_right,2,162.0000,106,1.528302,+0.000000
281,lab_232,H_extend_right,2,162.0000,106,1.528302,+0.000000
282,lab_238,H_shrink_left,2,162.0000,106,1.528302,+0.000000
283,lab_238,H_extend_right,2,162.0000,106,1.528302,+0.000000
284,lab_235,H_shrink_left,2,162.0000,106,1.528302,+0.000000
285,lab_235,H_shrink_right,2,162.0000,106,1.528302,+0.000000
286,lab_235,H_extend_right,2,162.0000,106,1.528302,+0.000000
287,lab_238,H_shrink_right,2,162.0000,106,1.528302,+0.000000
288,lab_240,H_extend_right,2,162.0000,106,1.528302,+0.000000
289,lab_241,H_shrink_left,2,162.0000,106,1.528302,+0.000000
290,lab_241,H_shrink_right,2,162.0000,106,1.528302,+0.000000
291,lab_243,H_extend_right,2,162.0000,106,1.528302,+0.000000
292,lab_244,H_shrink_right,2,162.0000,106,1.528302,+0.000000
293,lab_244,H_shrink_left,2,162.0000,106,1.528302,+0.000000
294,lab_244,H_extend_right,2,162.0000,106,1.528302,+0.000000
295,lab_241,H_extend_right,2,162.0000,106,1.528302,+0.000000
296,lab_246,H_extend_right,2,162.0000,106,1.528302,+0.000000
297,lab_249,H_extend_right,2,162.0000,106,1.528302,+0.000000
298,lab_247,H_shrink_right,2,162.0000,106,1.528302,+0.000000
299,lab_250,H_shrink_left,2,162.0000,106,1.528302,+0.000000
300,lab_247,H_shrink_left,2,162.0000,106,1.528302,+0.000000
301,lab_250,H_shrink_right,2,162.0000,106,1.528302,+0.000000
302,lab_250,H_extend_right,2,162.0000,106,1.528302,+0.000000
303,lab_247,H_extend_right,2,162.0000,106,1.528302,+0.000000
304,lab_252,H_extend_right,2,162.0000,106,1.528302,+0.000000
305,lab_253,H_extend_right,2,162.0000,106,1.528302,+0.000000
306,lab_255,H_extend_right,2,162.0000,106,1.528302,+0.000000
307,lab_253,H_shrink_right,2,162.0000,106,1.528302,+0.000000
308,lab_258,H_extend_right,2,162.0000,106,1.528302,+0.000000
309,lab_256,H_shrink_left,2,162.0000,106,1.528302,+0.000000
310,lab_259,H_shrink_left,2,162.0000,106,1.528302,+0.000000
311,lab_256,H_shrink_right,2,162.0000,106,1.528302,+0.000000
312,lab_256,H_extend_right,2,162.0000,106,1.528302,+0.000000
313,lab_259,H_extend_right,2,162.0000,106,1.528302,+0.000000
314,lab_261,H_extend_right,2,162.0000,106,1.528302,+0.000000
315,lab_262,H_shrink_right,2,162.0000,106,1.528302,+0.000000
316,lab_259,H_shrink_right,2,162.0000,106,1.528302,+0.000000
317,lab_262,H_shrink_left,2,162.0000,106,1.528302,+0.000000
318,lab_262,H_extend_right,2,162.0000,106,1.528302,+0.000000
319,lab_264,H_extend_right,2,162.0000,106,1.528302,+0.000000
320,lab_267,H_extend_right,2,162.0000,106,1.528302,+0.000000
321,lab_268,H_shrink_right,2,162.0000,106,1.528302,+0.000000
322,lab_268,H_shrink_left,2,162.0000,106,1.528302,+0.000000
323,lab_265,H_extend_right,2,162.0000,106,1.528302,+0.000000
324,lab_270,H_extend_right,2,162.0000,106,1.528302,+0.000000
325,lab_268,H_extend_right,2,162.0000,106,1.528302,+0.000000
326,lab_265,H_shrink_right,2,162.0000,106,1.528302,+0.000000
327,lab_271,H_shrink_left,2,162.0000,106,1.528302,+0.000000
328,lab_271,H_shrink_right,2,162.0000,106,1.528302,+0.000000
329,lab_271,H_extend_right,2,162.0000,106,1.528302,+0.000000
330,lab_273,H_extend_right,2,162.0000,106,1.528302,+0.000000
331,lab_276,H_extend_right,2,162.0000,106,1.528302,+0.000000
332,lab_274,H_extend_right,2,162.0000,106,1.528302,+0.000000
333,lab_274,H_shrink_right,2,162.0000,106,1.528302,+0.000000
334,lab_279,H_extend_right,2,162.0000,106,1.528302,+0.000000
335,lab_280,H_shrink_left,2,162.0000,106,1.528302,+0.000000
336,lab_277,H_shrink_right,2,162.0000,106,1.528302,+0.000000
337,lab_280,H_shrink_right,2,162.0000,106,1.528302,+0.000000
338,lab_277,H_extend_right,2,162.0000,106,1.528302,+0.000000
339,lab_277,H_shrink_left,2,162.0000,106,1.528302,+0.000000
340,lab_280,H_extend_right,2,162.0000,106,1.528302,+0.000000
341,lab_283,H_shrink_left,2,162.0000,106,1.528302,+0.000000
342,lab_282,H_extend_right,2,162.0000,106,1.528302,+0.000000
343,lab_283,H_shrink_right,2,162.0000,106,1.528302,+0.000000
344,lab_285,H_extend_right,2,162.0000,106,1.528302,+0.000000
345,lab_286,H_shrink_left,2,162.0000,106,1.528302,+0.000000
346,lab_283,H_extend_right,2,162.0000,106,1.528302,+0.000000
347,lab_286,H_shrink_right,2,162.0000,106,1.528302,+0.000000
348,lab_286,H_extend_right,2,162.0000,106,1.528302,+0.000000
349,lab_288,H_extend_right,2,162.0000,106,1.528302,+0.000000
350,lab_289,H_shrink_left,2,162.0000,106,1.528302,+0.000000
351,lab_291,H_extend_right,2,162.0000,106,1.528302,+0.000000
352,lab_289,H_shrink_right,2,162.0000,106,1.528302,+0.000000
353,lab_292,H_shrink_left,2,162.0000,106,1.528302,+0.000000
354,lab_292,H_extend_right,2,162.0000,106,1.528302,+0.000000
355,lab_294,H_extend_right,2,162.0000,106,1.528302,+0.000000
356,lab_289,H_extend_right,2,162.0000,106,1.528302,+0.000000
357,lab_295,H_shrink_right,2,162.0000,106,1.528302,+0.000000
358,lab_297,H_extend_right,2,162.0000,106,1.528302,+0.000000
359,lab_295,H_shrink_left,2,162.0000,106,1.528302,+0.000000
360,lab_295,H_extend_right,2,162.0000,106,1.528302,+0.000000
361,lab_300,H_extend_right,2,162.0000,106,1.528302,+0.000000
362,lab_301,H_shrink_left,2,162.0000,106,1.528302,+0.000000
363,lab_301,H_shrink_right,2,162.0000,106,1.528302,+0.000000
364,lab_298,H_extend_right,2,162.0000,106,1.528302,+0.000000
365,lab_301,H_extend_right,2,162.0000,106,1.528302,+0.000000
366,lab_298,H_shrink_right,2,162.0000,106,1.528302,+0.000000
367,lab_303,H_extend_right,2,162.0000,106,1.528302,+0.000000
368,lab_304,H_shrink_left,2,162.0000,106,1.528302,+0.000000
369,lab_307,H_shrink_left,2,162.0000,106,1.528302,+0.000000
370,lab_306,H_extend_right,2,162.0000,106,1.528302,+0.000000
371,lab_309,H_extend_right,2,162.0000,106,1.528302,+0.000000
372,lab_307,H_shrink_right,2,162.0000,106,1.528302,+0.000000
373,lab_307,H_extend_right,2,162.0000,106,1.528302,+0.000000
374,lab_310,H_shrink_right,2,162.0000,106,1.528302,+0.000000
375,lab_310,H_shrink_left,2,162.0000,106,1.528302,+0.000000
376,lab_312,H_extend_right,2,162.0000,106,1.528302,+0.000000
377,lab_310,H_extend_right,2,162.0000,106,1.528302,+0.000000
378,lab_313,H_shrink_right,2,162.0000,106,1.528302,+0.000000
379,lab_313,H_extend_right,2,162.0000,106,1.528302,+0.000000
380,lab_315,H_extend_right,2,162.0000,106,1.528302,+0.000000
381,lab_316,H_shrink_left,2,162.0000,106,1.528302,+0.000000
382,lab_316,H_extend_right,2,162.0000,106,1.528302,+0.000000
383,lab_318,H_extend_right,2,162.0000,106,1.528302,+0.000000
384,lab_316,H_shrink_right,2,162.0000,106,1.528302,+0.000000
385,lab_319,H_shrink_right,2,162.0000,106,1.528302,+0.000000
386,lab_319,H_extend_right,2,162.0000,106,1.528302,+0.000000
387,lab_321,H_extend_right,2,162.0000,106,1.528302,+0.000000
388,lab_319,H_shrink_left,2,162.0000,106,1.528302,+0.000000
389,lab_322,H_shrink_right,2,162.0000,106,1.528302,+0.000000
390,lab_1,V_shrink_left,2,162.0000,106,1.528302,+0.000000
391,lab_1,V_shrink_right,2,162.0000,106,1.528302,+0.000000
392,lab_322,H_extend_right,2,162.0000,106,1.528302,+0.000000
393,lab_322,H_shrink_left,2,162.0000,106,1.528302,+0.000000
394,lab_1,V_extend_left,2,162.0000,106,1.528302,+0.000000
395,lab_2,V_extend_left,2,162.0000,106,1.528302,+0.000000
396,lab_2,V_shrink_left,2,162.0000,106,1.528302,+0.000000
397,lab_2,V_shrink_right,2,162.0000,106,1.528302,+0.000000
398,lab_3,V_extend_left,2,162.0000,106,1.528302,+0.000000
399,lab_3,V_shrink_left,2,162.0000,106,1.528302,+0.000000
400,lab_3,V_shrink_right,2,162.0000,106,1.528302,+0.000000
401,lab_4,V_shrink_left,2,162.0000,106,1.528302,+0.000000
402,lab_4,V_shrink_right,2,162.0000,106,1.528302,+0.000000
403,lab_4,V_extend_left,2,162.0000,106,1.528302,+0.000000
404,lab_5,V_shrink_left,2,162.0000,106,1.528302,+0.000000
405,lab_5,V_extend_left,2,162.0000,106,1.528302,+0.000000
406,lab_5,V_shrink_right,2,162.0000,106,1.528302,+0.000000
407,lab_6,V_extend_left,2,162.0000,106,1.528302,+0.000000
408,lab_6,V_shrink_left,2,162.0000,106,1.528302,+0.000000
409,lab_6,V_shrink_right,2,162.0000,106,1.528302,+0.000000
410,lab_7,V_shrink_left,2,162.0000,106,1.528302,+0.000000
411,lab_7,V_shrink_right,2,162.0000,106,1.528302,+0.000000
412,lab_7,V_extend_left,2,162.0000,106,1.528302,+0.000000
413,lab_8,V_shrink_left,2,162.0000,106,1.528302,+0.000000
414,lab_8,V_shrink_right,2,162.0000,106,1.528302,+0.000000
415,lab_8,V_extend_left,2,162.0000,106,1.528302,+0.000000
416,lab_9,V_shrink_left,2,162.0000,106,1.528302,+0.000000
417,lab_9,V_shrink_right,2,162.0000,106,1.528302,+0.000000
418,lab_9,V_extend_left,2,162.0000,106,1.528302,+0.000000
419,lab_10,V_shrink_left,2,162.0000,106,1.528302,+0.000000
420,lab_10,V_shrink_right,2,162.0000,106,1.528302,+0.000000
421,lab_11,V_shrink_left,2,162.0000,106,1.528302,+0.000000
422,lab_11,V_shrink_right,2,162.0000,106,1.528302,+0.000000
423,lab_11,V_extend_left,2,162.0000,106,1.528302,+0.000000
424,lab_10,V_extend_left,2,162.0000,106,1.528302,+0.000000
425,lab_12,V_shrink_left,2,162.0000,106,1.528302,+0.000000
426,lab_12,V_extend_left,2,162.0000,106,1.528302,+0.000000
427,lab_12,V_shrink_right,2,162.0000,106,1.528302,+0.000000
428,lab_13,V_shrink_left,2,162.0000,106,1.528302,+0.000000
429,lab_14,V_extend_left,2,162.0000,106,1.528302,+0.000000
430,lab_13,V_shrink_right,2,162.0000,106,1.528302,+0.000000
431,lab_13,V_extend_left,2,162.0000,106,1.528302,+0.000000
432,lab_14,V_shrink_left,2,162.0000,106,1.528302,+0.000000
433,lab_14,V_shrink_right,2,162.0000,106,1.528302,+0.000000
434,lab_15,V_shrink_left,2,162.0000,106,1.528302,+0.000000
435,lab_15,V_shrink_right,2,162.0000,106,1.528302,+0.000000
436,lab_15,V_extend_left,2,162.0000,106,1.528302,+0.000000
437,lab_16,V_shrink_left,2,162.0000,106,1.528302,+0.000000
438,lab_16,V_shrink_right,2,162.0000,106,1.528302,+0.000000
439,lab_16,V_extend_left,2,162.0000,106,1.528302,+0.000000
440,lab_17,V_shrink_left,2,162.0000,106,1.528302,+0.000000
441,lab_17,V_shrink_right,2,162.0000,106,1.528302,+0.000000
442,lab_17,V_extend_left,2,162.0000,106,1.528302,+0.000000
443,lab_18,V_shrink_left,2,162.0000,106,1.528302,+0.000000
444,lab_18,V_shrink_right,2,162.0000,106,1.528302,+0.000000
445,lab_19,V_extend_left,2,162.0000,106,1.528302,+0.000000
446,lab_19,V_shrink_left,2,162.0000,106,1.528302,+0.000000
447,lab_19,V_shrink_right,2,162.0000,106,1.528302,+0.000000
448,lab_20,V_extend_left,2,162.0000,106,1.528302,+0.000000
449,lab_20,V_shrink_left,2,162.0000,106,1.528302,+0.000000
450,lab_21,V_shrink_left,2,162.0000,106,1.528302,+0.000000
451,lab_21,V_shrink_right,2,162.0000,106,1.528302,+0.000000
452,lab_21,V_extend_left,2,162.0000,106,1.528302,+0.000000
453,lab_20,V_shrink_right,2,162.0000,106,1.528302,+0.000000
454,lab_22,V_shrink_left,2,162.0000,106,1.528302,+0.000000
455,lab_22,V_shrink_right,2,162.0000,106,1.528302,+0.000000
456,lab_23,V_shrink_left,2,162.0000,106,1.528302,+0.000000
457,lab_23,V_shrink_right,2,162.0000,106,1.528302,+0.000000
458,lab_22,V_extend_left,2,162.0000,106,1.528302,+0.000000
459,lab_23,V_extend_left,2,162.0000,106,1.528302,+0.000000
460,lab_25,V_shrink_left,2,162.0000,106,1.528302,+0.000000
461,lab_25,V_shrink_right,2,162.0000,106,1.528302,+0.000000
462,lab_25,V_extend_left,2,162.0000,106,1.528302,+0.000000
463,lab_24,V_extend_left,2,162.0000,106,1.528302,+0.000000
464,lab_26,V_shrink_left,2,162.0000,106,1.528302,+0.000000
465,lab_26,V_shrink_right,2,162.0000,106,1.528302,+0.000000
466,lab_27,V_shrink_left,2,162.0000,106,1.528302,+0.000000
467,lab_27,V_shrink_right,2,162.0000,106,1.528302,+0.000000
468,lab_26,V_extend_left,2,162.0000,106,1.528302,+0.000000
469,lab_28,V_shrink_left,2,162.0000,106,1.528302,+0.000000
470,lab_28,V_shrink_right,2,162.0000,106,1.528302,+0.000000
471,lab_28,V_extend_left,2,162.0000,106,1.528302,+0.000000
472,lab_29,V_shrink_left,2,162.0000,106,1.528302,+0.000000
473,lab_29,V_shrink_right,2,162.0000,106,1.528302,+0.000000
474,lab_29,V_extend_left,2,162.0000,106,1.528302,+0.000000
475,lab_30,V_shrink_left,2,162.0000,106,1.528302,+0.000000
476,lab_30,V_shrink_right,2,162.0000,106,1.528302,+0.000000
477,lab_30,V_extend_left,2,162.0000,106,1.528302,+0.000000
478,lab_31,V_extend_left,2,162.0000,106,1.528302,+0.000000
479,lab_32,V_shrink_left,2,162.0000,106,1.528302,+0.000000
480,lab_32,V_shrink_right,2,162.0000,106,1.528302,+0.000000
481,lab_32,V_extend_left,2,162.0000,106,1.528302,+0.000000
482,lab_33,V_extend_left,2,162.0000,106,1.528302,+0.000000
483,lab_34,V_shrink_left,2,162.0000,106,1.528302,+0.000000
484,lab_33,V_shrink_left,2,162.0000,106,1.528302,+0.000000
485,lab_33,V_shrink_right,2,162.0000,106,1.528302,+0.000000
486,lab_34,V_shrink_right,2,162.0000,106,1.528302,+0.000000
487,lab_34,V_extend_left,2,162.0000,106,1.528302,+0.000000
488,lab_35,V_shrink_left,2,162.0000,106,1.528302,+0.000000
489,lab_35,V_extend_left,2,162.0000,106,1.528302,+0.000000
490,lab_35,V_shrink_right,2,162.0000,106,1.528302,+0.000000
491,lab_36,V_shrink_left,2,162.0000,106,1.528302,+0.000000
492,lab_36,V_shrink_right,2,162.0000,106,1.528302,+0.000000
493,lab_37,V_extend_left,2,162.0000,106,1.528302,+0.000000
494,lab_38,V_shrink_left,2,162.0000,106,1.528302,+0.000000
495,lab_37,V_shrink_left,2,162.0000,106,1.528302,+0.000000
496,lab_37,V_shrink_right,2,162.0000,106,1.528302,+0.000000
497,lab_38,V_shrink_right,2,162.0000,106,1.528302,+0.000000
498,lab_38,V_extend_left,2,162.0000,106,1.528302,+0.000000
499,lab_39,V_shrink_left,2,162.0000,106,1.528302,+0.000000
500,lab_39,V_shrink_right,2,162.0000,106,1.528302,+0.000000
501,lab_39,V_extend_left,2,162.0000,106,1.528302,+0.000000
502,lab_40,V_extend_left,2,162.0000,106,1.528302,+0.000000
503,lab_40,V_shrink_left,2,162.0000,106,1.528302,+0.000000
504,lab_40,V_shrink_right,2,162.0000,106,1.528302,+0.000000
505,lab_41,V_shrink_left,2,162.0000,106,1.528302,+0.000000
506,lab_41,V_shrink_right,2,162.0000,106,1.528302,+0.000000
507,lab_41,V_extend_left,2,162.0000,106,1.528302,+0.000000
508,lab_42,V_extend_left,2,162.0000,106,1.528302,+0.000000
509,lab_42,V_shrink_left,2,162.0000,106,1.528302,+0.000000
510,lab_42,V_shrink_right,2,162.0000,106,1.528302,+0.000000
511,lab_43,V_shrink_left,2,162.0000,106,1.528302,+0.000000
512,lab_43,V_shrink_right,2,162.0000,106,1.528302,+0.000000
513,lab_43,V_extend_left,2,162.0000,106,1.528302,+0.000000
514,lab_44,V_shrink_left,2,162.0000,106,1.528302,+0.000000
515,lab_44,V_shrink_right,2,162.0000,106,1.528302,+0.000000
516,lab_44,V_extend_left,2,162.0000,106,1.528302,+0.000000
517,lab_45,V_shrink_left,2,162.0000,106,1.528302,+0.000000
518,lab_45,V_shrink_right,2,162.0000,106,1.528302,+0.000000
519,lab_46,V_shrink_left,2,162.0000,106,1.528302,+0.000000
520,lab_46,V_shrink_right,2,162.0000,106,1.528302,+0.000000
521,lab_47,V_shrink_left,2,162.0000,106,1.528302,+0.000000
522,lab_47,V_shrink_right,2,162.0000,106,1.528302,+0.000000
523,lab_46,V_extend_left,2,162.0000,106,1.528302,+0.000000
524,lab_48,V_shrink_left,2,162.0000,106,1.528302,+0.000000
525,lab_48,V_shrink_right,2,162.0000,106,1.528302,+0.000000
526,lab_48,V_extend_left,2,162.0000,106,1.528302,+0.000000
527,lab_47,V_extend_left,2,162.0000,106,1.528302,+0.000000
528,lab_49,V_shrink_left,2,162.0000,106,1.528302,+0.000000
529,lab_49,V_shrink_right,2,162.0000,106,1.528302,+0.000000
530,lab_50,V_shrink_left,2,162.0000,106,1.528302,+0.000000
531,lab_50,V_shrink_right,2,162.0000,106,1.528302,+0.000000
532,lab_49,V_extend_left,2,162.0000,106,1.528302,+0.000000
533,lab_50,V_extend_left,2,162.0000,106,1.528302,+0.000000
534,lab_51,V_shrink_left,2,162.0000,106,1.528302,+0.000000
535,lab_51,V_shrink_right,2,162.0000,106,1.528302,+0.000000
536,lab_51,V_extend_left,2,162.0000,106,1.528302,+0.000000
537,lab_52,V_extend_left,2,162.0000,106,1.528302,+0.000000
538,lab_52,V_shrink_left,2,162.0000,106,1.528302,+0.000000
539,lab_52,V_shrink_right,2,162.0000,106,1.528302,+0.000000
540,lab_53,V_extend_left,2,162.0000,106,1.528302,+0.000000
541,lab_53,V_shrink_left,2,162.0000,106,1.528302,+0.000000
542,lab_53,V_shrink_right,2,162.0000,106,1.528302,+0.000000
543,lab_54,V_shrink_left,2,162.0000,106,1.528302,+0.000000
544,lab_54,V_shrink_right,2,162.0000,106,1.528302,+0.000000
545,lab_55,V_shrink_left,2,162.0000,106,1.528302,+0.000000
546,lab_55,V_shrink_right,2,162.0000,106,1.528302,+0.000000
547,lab_55,V_extend_left,2,162.0000,106,1.528302,+0.000000
548,lab_56,V_shrink_left,2,162.0000,106,1.528302,+0.000000
549,lab_57,V_shrink_left,2,162.0000,106,1.528302,+0.000000
550,lab_56,V_shrink_right,2,162.0000,106,1.528302,+0.000000
551,lab_57,V_shrink_right,2,162.0000,106,1.528302,+0.000000
552,lab_57,V_extend_left,2,162.0000,106,1.528302,+0.000000
553,lab_58,V_shrink_left,2,162.0000,106,1.528302,+0.000000
554,lab_58,V_shrink_right,2,162.0000,106,1.528302,+0.000000
555,lab_59,V_extend_left,2,162.0000,106,1.528302,+0.000000
556,lab_58,V_extend_left,2,162.0000,106,1.528302,+0.000000
557,lab_60,V_shrink_left,2,162.0000,106,1.528302,+0.000000
558,lab_60,V_shrink_right,2,162.0000,106,1.528302,+0.000000
559,lab_60,V_extend_left,2,162.0000,106,1.528302,+0.000000
560,lab_61,V_shrink_left,2,162.0000,106,1.528302,+0.000000
561,lab_61,V_shrink_right,2,162.0000,106,1.528302,+0.000000
562,lab_61,V_extend_left,2,162.0000,106,1.528302,+0.000000
563,lab_62,V_shrink_left,2,162.0000,106,1.528302,+0.000000
564,lab_62,V_shrink_right,2,162.0000,106,1.528302,+0.000000
565,lab_62,V_extend_left,2,162.0000,106,1.528302,+0.000000
566,lab_64,V_shrink_left,2,162.0000,106,1.528302,+0.000000
567,lab_64,V_shrink_right,2,162.0000,106,1.528302,+0.000000
568,lab_64,V_extend_left,2,162.0000,106,1.528302,+0.000000
569,lab_65,V_shrink_left,2,162.0000,106,1.528302,+0.000000
570,lab_65,V_shrink_right,2,162.0000,106,1.528302,+0.000000
571,lab_65,V_extend_left,2,162.0000,106,1.528302,+0.000000
572,lab_66,V_shrink_right,2,162.0000,106,1.528302,+0.000000
573,lab_66,V_shrink_left,2,162.0000,106,1.528302,+0.000000
574,lab_66,V_extend_left,2,162.0000,106,1.528302,+0.000000
575,lab_67,V_shrink_left,2,162.0000,106,1.528302,+0.000000
576,lab_67,V_extend_left,2,162.0000,106,1.528302,+0.000000
577,lab_67,V_shrink_right,2,162.0000,106,1.528302,+0.000000
578,lab_68,V_shrink_left,2,162.0000,106,1.528302,+0.000000
579,lab_68,V_shrink_right,2,162.0000,106,1.528302,+0.000000
580,lab_69,V_shrink_left,2,162.0000,106,1.528302,+0.000000
581,lab_69,V_shrink_right,2,162.0000,106,1.528302,+0.000000
582,lab_68,V_extend_left,2,162.0000,106,1.528302,+0.000000
583,lab_69,V_extend_left,2,162.0000,106,1.528302,+0.000000
584,lab_70,V_shrink_left,2,162.0000,106,1.528302,+0.000000
585,lab_70,V_extend_left,2,162.0000,106,1.528302,+0.000000
586,lab_71,V_shrink_left,2,162.0000,106,1.528302,+0.000000
587,lab_70,V_shrink_right,2,162.0000,106,1.528302,+0.000000
588,lab_71,V_shrink_right,2,162.0000,106,1.528302,+0.000000
589,lab_71,V_extend_left,2,162.0000,106,1.528302,+0.000000
590,lab_72,V_shrink_left,2,162.0000,106,1.528302,+0.000000
591,lab_72,V_shrink_right,2,162.0000,106,1.528302,+0.000000
592,lab_73,V_shrink_left,2,162.0000,106,1.528302,+0.000000
593,lab_73,V_shrink_right,2,162.0000,106,1.528302,+0.000000
594,lab_73,V_extend_left,2,162.0000,106,1.528302,+0.000000
595,lab_74,V_extend_left,2,162.0000,106,1.528302,+0.000000
596,lab_75,V_shrink_left,2,162.0000,106,1.528302,+0.000000
597,lab_75,V_shrink_right,2,162.0000,106,1.528302,+0.000000
598,lab_74,V_shrink_left,2,162.0000,106,1.528302,+0.000000
599,lab_74,V_shrink_right,2,162.0000,106,1.528302,+0.000000
600,lab_75,V_extend_left,2,162.0000,106,1.528302,+0.000000
601,lab_76,V_shrink_left,2,162.0000,106,1.528302,+0.000000
602,lab_76,V_shrink_right,2,162.0000,106,1.528302,+0.000000
603,lab_76,V_extend_left,2,162.0000,106,1.528302,+0.000000
604,lab_77,V_extend_left,2,162.0000,106,1.528302,+0.000000
605,lab_77,V_shrink_left,2,162.0000,106,1.528302,+0.000000
606,lab_77,V_shrink_right,2,162.0000,106,1.528302,+0.000000
607,lab_78,V_shrink_left,2,162.0000,106,1.528302,+0.000000
608,lab_78,V_shrink_right,2,162.0000,106,1.528302,+0.000000
609,lab_79,V_shrink_left,2,162.0000,106,1.528302,+0.000000
610,lab_80,V_shrink_left,2,162.0000,106,1.528302,+0.000000
611,lab_79,V_shrink_right,2,162.0000,106,1.528302,+0.000000
612,lab_79,V_extend_left,2,162.0000,106,1.528302,+0.000000
613,lab_80,V_shrink_right,2,162.0000,106,1.528302,+0.000000
614,lab_80,V_extend_left,2,162.0000,106,1.528302,+0.000000
615,lab_81,V_shrink_left,2,162.0000,106,1.528302,+0.000000
616,lab_81,V_shrink_right,2,162.0000,106,1.528302,+0.000000
617,lab_81,V_extend_right,3,162.0000,106,1.528302,+0.000000
618,lab_82,V_extend_right,2,162.0000,106,1.528302,+0.000000
619,lab_83,V_shrink_left,2,162.0000,106,1.528302,+0.000000
620,lab_81,V_extend_left,3,162.0000,106,1.528302,+0.000000
621,lab_82,V_shrink_right,2,162.0000,106,1.528302,+0.000000
622,lab_85,V_extend_right,2,162.0000,106,1.528302,+0.000000
623,lab_86,V_shrink_left,2,162.0000,106,1.528302,+0.000000
624,lab_88,V_extend_right,2,162.0000,106,1.528302,+0.000000
625,lab_89,V_shrink_left,2,162.0000,106,1.528302,+0.000000
626,lab_91,V_extend_right,2,162.0000,106,1.528302,+0.000000
627,lab_92,V_shrink_left,2,162.0000,106,1.528302,+0.000000
628,lab_94,V_extend_right,2,162.0000,106,1.528302,+0.000000
629,lab_95,V_shrink_left,2,162.0000,106,1.528302,+0.000000
630,lab_97,V_extend_right,2,162.0000,106,1.528302,+0.000000
631,lab_98,V_shrink_left,2,162.0000,106,1.528302,+0.000000
632,lab_100,V_extend_right,2,162.0000,106,1.528302,+0.000000
633,lab_101,V_shrink_left,2,162.0000,106,1.528302,+0.000000
634,lab_103,V_extend_right,2,162.0000,106,1.528302,+0.000000
635,lab_104,V_shrink_left,2,162.0000,106,1.528302,+0.000000
636,lab_106,V_extend_right,2,162.0000,106,1.528302,+0.000000
637,lab_107,V_shrink_left,2,162.0000,106,1.528302,+0.000000
638,lab_109,V_extend_right,2,162.0000,106,1.528302,+0.000000
639,lab_110,V_shrink_left,2,162.0000,106,1.528302,+0.000000
640,lab_112,V_extend_right,2,162.0000,106,1.528302,+0.000000
641,lab_113,V_shrink_left,2,162.0000,106,1.528302,+0.000000
642,lab_112,V_shrink_left,2,162.0000,106,1.528302,+0.000000
643,lab_115,V_extend_right,2,162.0000,106,1.528302,+0.000000
644,lab_116,V_shrink_left,2,162.0000,106,1.528302,+0.000000
645,lab_118,V_extend_right,2,162.0000,106,1.528302,+0.000000
646,lab_119,V_shrink_left,2,162.0000,106,1.528302,+0.000000
647,lab_121,V_extend_right,2,162.0000,106,1.528302,+0.000000
648,lab_122,V_shrink_left,2,162.0000,106,1.528302,+0.000000
649,lab_124,V_extend_right,2,162.0000,106,1.528302,+0.000000
650,lab_125,V_shrink_left,2,162.0000,106,1.528302,+0.000000
651,lab_127,V_extend_right,2,162.0000,106,1.528302,+0.000000
652,lab_128,V_shrink_left,2,162.0000,106,1.528302,+0.000000
653,lab_130,V_extend_right,2,162.0000,106,1.528302,+0.000000
654,lab_131,V_shrink_left,2,162.0000,106,1.528302,+0.000000
655,lab_130,V_shrink_left,2,162.0000,106,1.528302,+0.000000
656,lab_133,V_extend_right,2,162.0000,106,1.528302,+0.000000
657,lab_134,V_shrink_left,2,162.0000,106,1.528302,+0.000000
658,lab_136,V_extend_right,2,162.0000,106,1.528302,+0.000000
659,lab_137,V_shrink_left,2,162.0000,106,1.528302,+0.000000
660,lab_139,V_extend_right,2,162.0000,106,1.528302,+0.000000
661,lab_140,V_shrink_left,2,162.0000,106,1.528302,+0.000000
662,lab_142,V_extend_right,2,162.0000,106,1.528302,+0.000000
663,lab_143,V_shrink_left,2,162.0000,106,1.528302,+0.000000
664,lab_145,V_extend_right,2,162.0000,106,1.528302,+0.000000
665,lab_146,V_shrink_left,2,162.0000,106,1.528302,+0.000000
666,lab_148,V_extend_right,2,162.0000,106,1.528302,+0.000000
667,lab_149,V_shrink_left,2,162.0000,106,1.528302,+0.000000
668,lab_151,V_extend_right,2,162.0000,106,1.528302,+0.000000
669,lab_152,V_shrink_left,2,162.0000,106,1.528302,+0.000000
670,lab_154,V_extend_right,2,162.0000,106,1.528302,+0.000000
671,lab_155,V_shrink_left,2,162.0000,106,1.528302,+0.000000
672,lab_157,V_extend_right,2,162.0000,106,1.528302,+0.000000
673,lab_158,V_shrink_left,2,162.0000,106,1.528302,+0.000000
674,lab_157,V_shrink_left,2,162.0000,106,1.528302,+0.000000
675,lab_160,V_extend_right,2,162.0000,106,1.528302,+0.000000
676,lab_161,V_shrink_left,2,162.0000,106,1.528302,+0.000000
677,lab_163,V_extend_right,2,162.0000,106,1.528302,+0.000000
678,lab_164,V_shrink_left,2,162.0000,106,1.528302,+0.000000
679,lab_166,V_extend_right,2,162.0000,106,1.528302,+0.000000
680,lab_167,V_shrink_left,2,162.0000,106,1.528302,+0.000000
681,lab_170,V_shrink_left,2,162.0000,106,1.528302,+0.000000
682,lab_169,V_extend_right,2,162.0000,106,1.528302,+0.000000
683,lab_172,V_extend_right,2,162.0000,106,1.528302,+0.000000
684,lab_173,V_shrink_left,2,162.0000,106,1.528302,+0.000000
685,lab_175,V_extend_right,2,162.0000,106,1.528302,+0.000000
686,lab_176,V_shrink_left,2,162.0000,106,1.528302,+0.000000
687,lab_178,V_extend_right,2,162.0000,106,1.528302,+0.000000
688,lab_179,V_shrink_left,2,162.0000,106,1.528302,+0.000000
689,lab_181,V_extend_right,2,162.0000,106,1.528302,+0.000000
690,lab_182,V_shrink_left,2,162.0000,106,1.528302,+0.000000
691,lab_181,V_shrink_left,2,162.0000,106,1.528302,+0.000000
692,lab_184,V_extend_right,2,162.0000,106,1.528302,+0.000000
693,lab_185,V_shrink_left,2,162.0000,106,1.528302,+0.000000
694,lab_187,V_extend_right,2,162.0000,106,1.528302,+0.000000
695,lab_188,V_shrink_left,2,162.0000,106,1.528302,+0.000000
696,lab_190,V_extend_right,2,162.0000,106,1.528302,+0.000000
697,lab_191,V_shrink_left,2,162.0000,106,1.528302,+0.000000
698,lab_194,V_shrink_left,2,162.0000,106,1.528302,+0.000000
699,lab_193,V_extend_right,2,162.0000,106,1.528302,+0.000000
700,lab_196,V_extend_right,2,162.0000,106,1.528302,+0.000000
701,lab_197,V_shrink_left,2,162.0000,106,1.528302,+0.000000
702,lab_199,V_extend_right,2,162.0000,106,1.528302,+0.000000
703,lab_200,V_shrink_left,2,162.0000,106,1.528302,+0.000000
704,lab_202,V_extend_right,2,162.0000,106,1.528302,+0.000000
705,lab_203,V_shrink_left,2,162.0000,106,1.528302,+0.000000
706,lab_205,V_extend_right,2,162.0000,106,1.528302,+0.000000
707,lab_206,V_shrink_left,2,162.0000,106,1.528302,+0.000000
708,lab_208,V_extend_right,2,162.0000,106,1.528302,+0.000000
709,lab_209,V_shrink_left,2,162.0000,106,1.528302,+0.000000
710,lab_211,V_extend_right,2,162.0000,106,1.528302,+0.000000
711,lab_212,V_shrink_left,2,162.0000,106,1.528302,+0.000000
712,lab_214,V_extend_right,2,162.0000,106,1.528302,+0.000000
713,lab_215,V_shrink_left,2,162.0000,106,1.528302,+0.000000
714,lab_217,V_extend_right,2,162.0000,106,1.528302,+0.000000
715,lab_218,V_shrink_left,2,162.0000,106,1.528302,+0.000000
716,lab_220,V_extend_right,2,162.0000,106,1.528302,+0.000000
717,lab_221,V_shrink_left,2,162.0000,106,1.528302,+0.000000
718,lab_223,V_extend_right,2,162.0000,106,1.528302,+0.000000
719,lab_224,V_shrink_left,2,162.0000,106,1.528302,+0.000000
720,lab_227,V_shrink_left,2,162.0000,106,1.528302,+0.000000
721,lab_226,V_extend_right,2,162.0000,106,1.528302,+0.000000
722,lab_229,V_extend_right,2,162.0000,106,1.528302,+0.000000
723,lab_230,V_shrink_left,2,162.0000,106,1.528302,+0.000000
724,lab_232,V_extend_right,2,162.0000,106,1.528302,+0.000000
725,lab_233,V_shrink_left,2,162.0000,106,1.528302,+0.000000
726,lab_235,V_extend_right,2,162.0000,106,1.528302,+0.000000
727,lab_236,V_shrink_left,2,162.0000,106,1.528302,+0.000000
728,lab_238,V_extend_right,2,162.0000,106,1.528302,+0.000000
729,lab_239,V_shrink_left,2,162.0000,106,1.528302,+0.000000
730,lab_241,V_extend_right,2,162.0000,106,1.528302,+0.000000
731,lab_242,V_shrink_left,2,162.0000,106,1.528302,+0.000000
732,lab_244,V_extend_right,2,162.0000,106,1.528302,+0.000000
733,lab_245,V_shrink_left,2,162.0000,106,1.528302,+0.000000
734,lab_247,V_extend_right,2,162.0000,106,1.528302,+0.000000
735,lab_248,V_shrink_left,2,162.0000,106,1.528302,+0.000000
736,lab_250,V_extend_right,2,162.0000,106,1.528302,+0.000000
737,lab_251,V_shrink_left,2,162.0000,106,1.528302,+0.000000
738,lab_253,V_extend_right,2,162.0000,106,1.528302,+0.000000
739,lab_254,V_shrink_left,2,162.0000,106,1.528302,+0.000000
740,lab_256,V_extend_right,2,162.0000,106,1.528302,+0.000000
741,lab_257,V_shrink_left,2,162.0000,106,1.528302,+0.000000
742,lab_259,V_extend_right,2,162.0000,106,1.528302,+0.000000
743,lab_260,V_shrink_left,2,162.0000,106,1.528302,+0.000000
744,lab_259,V_shrink_left,2,162.0000,106,1.528302,+0.000000
745,lab_262,V_extend_right,2,162.0000,106,1.528302,+0.000000
746,lab_263,V_shrink_left,2,162.0000,106,1.528302,+0.000000
747,lab_265,V_extend_right,2,162.0000,106,1.528302,+0.000000
748,lab_266,V_shrink_left,2,162.0000,106,1.528302,+0.000000
749,lab_268,V_extend_right,2,162.0000,106,1.528302,+0.000000
750,lab_269,V_shrink_left,2,162.0000,106,1.528302,+0.000000
751,lab_271,V_extend_right,2,162.0000,106,1.528302,+0.000000
752,lab_272,V_shrink_left,2,162.0000,106,1.528302,+0.000000
753,lab_274,V_extend_right,2,162.0000,106,1.528302,+0.000000
754,lab_275,V_shrink_left,2,162.0000,106,1.528302,+0.000000
755,lab_277,V_extend_right,2,162.0000,106,1.528302,+0.000000
756,lab_278,V_shrink_left,2,162.0000,106,1.528302,+0.000000
757,lab_280,V_extend_right,2,162.0000,106,1.528302,+0.000000
758,lab_281,V_shrink_left,2,162.0000,106,1.528302,+0.000000
759,lab_283,V_extend_right,2,162.0000,106,1.528302,+0.000000
760,lab_284,V_shrink_left,2,162.0000,106,1.528302,+0.000000
761,lab_286,V_extend_right,2,162.0000,106,1.528302,+0.000000
762,lab_287,V_shrink_left,2,162.0000,106,1.528302,+0.000000
763,lab_289,V_extend_right,2,162.0000,106,1.528302,+0.000000
764,lab_290,V_shrink_left,2,162.0000,106,1.528302,+0.000000
765,lab_292,V_extend_right,2,162.0000,106,1.528302,+0.000000
766,lab_293,V_shrink_left,2,162.0000,106,1.528302,+0.000000
767,lab_295,V_extend_right,2,162.0000,106,1.528302,+0.000000
768,lab_296,V_shrink_left,2,162.0000,106,1.528302,+0.000000
769,lab_298,V_extend_right,2,162.0000,106,1.528302,+0.000000
770,lab_299,V_shrink_left,2,162.0000,106,1.528302,+0.000000
771,lab_301,V_extend_right,2,162.0000,106,1.528302,+0.000000
772,lab_302,V_shrink_left,2,162.0000,106,1.528302,+0.000000
773,lab_304,V_extend_right,2,162.0000,106,1.528302,+0.000000
774,lab_305,V_shrink_left,2,162.0000,106,1.528302,+0.000000
775,lab_307,V_extend_right,2,162.0000,106,1.528302,+0.000000
776,lab_308,V_shrink_left,2,162.0000,106,1.528302,+0.000000
777,lab_310,V_extend_right,2,162.0000,106,1.528302,+0.000000
778,lab_311,V_shrink_left,2,162.0000,106,1.528302,+0.000000
779,lab_313,V_extend_right,2,162.0000,106,1.528302,+0.000000
780,lab_314,V_shrink_left,2,162.0000,106,1.528302,+0.000000
781,lab_316,V_extend_right,2,162.0000,106,1.528302,+0.000000
782,lab_317,V_shrink_left,2,162.0000,106,1.528302,+0.000000
783,lab_319,V_extend_right,2,162.0000,106,1.528302,+0.000000
784,lab_320,V_shrink_left,2,162.0000,106,1.528302,+0.000000
785,lab_2,H_extend_right,3,161.5000,106,1.523585,-0.004717
